id;name;release_year;disk_count;format;lang;state;added
1;Dynamic Ergonomic Concrete Pizza Mississippi;wireless HDD;deliver bluetooth Beauty;encompassing;Missouri cross-media;OK;2020-09-28T00:35:05
2;haptic Unbranded Soft Salad;Handmade Personal Loan Account Concrete;Chicken holistic overriding;bandwidth Internal Colorado;redundant sensor;LOST;2020-09-27T11:51:00
3;District Strategist;Computer 6th generation Frozen;Shirt online;Cotton Rubber;JBOD HDD Tennessee;UNDEFINED;2020-09-27T13:20:19
4;methodology Central auxiliary;Branding;success web-enabled calculating;connect;Maryland;UNDEFINED;2020-09-27T15:52:15
5;systemic Global;disintermediate Aruban Guilder distributed;Rustic Fresh Intelligent;Canada project;Kids Borders Checking Account;EXPECTED;2020-09-27T13:59:55
6;Ergonomic Fresh Computer;copying Developer e-tailers;hacking Credit Card Account;Fantastic Frozen Salad;Pataca;LOST;2020-09-27T11:46:22
7;bluetooth complexity Music;Chicken reciprocal communities;Customer Research;Tanzania revolutionize disintermediate;Grass-roots Configuration;OK;2020-09-27T23:59:34
8;efficient end-to-end;Plastic Administrator;PNG Orchestrator withdrawal;Lights payment Ohio;architectures;LOST;2020-09-27T15:44:31
9;Handmade Metal Towels;AI Port deposit;Investment Account;Avon XSS reboot;networks;AWAY;2020-09-28T09:09:50
10;solution-oriented Global Hat;program;Personal Loan Account application Buckinghamshire;quantify Consultant;Home;OK;2020-09-28T05:32:22
